{"comment":"","charmap":
{
"А": [["-А",1.0,0],["'А",1.0]],  
"а": [["-а",1.0,0]], 
"Б": [["-Б",1.0,0]],   
"б": [["-б",1.0,0]], 
"В": [["-В",1.0,0]],   
"в": [["-в",1.0,0]], 
"Г": [["-Г",1.0,0],["'Г",1.0],["Ґ",1.0,0]],  
"г": [["-г",1.0,0],["ґ",1.0,0]], 
"Д": [["-Д",1.0,0]],   
"д": [["-д",1.0,0]], 
"Е": [["-Е",1.0,0]],   
"е": [["-е",1.0,0],["'е",1.0]], 
"Ё": [["-Ё",1.0,0]],
"ё": [["-ё",1.0,0],["'ё",1.0]],
"Ж": [["-Ж",1.0,0]],
"ж": [["-ж",1.0,0]],
"З": [["-З",1.0,0]],  
"з": [["-з",1.0,0]], 
"І": [["-І",1.0,0]],   
"і": [["-і",1.0,0],["'і",1.0]],
"Й": [["-Й",1.0,0]], 
"й": [["-й",1.0,0]],
"К": [["-К",1.0,0],["'K",1.0]],
"к": [["-к",1.0,0],["'к",1.0]],
"Л": [["-Л",1.0,0]], 
"л": [["-л",1.0,0]], 
"М": [["-М",1.0,0]],
"м": [["-м",1.0,0]], 
"Н": [["-Н",1.0,0]],
"н": [["-н",1.0,0]],
"О": [["-О",1.0,0]], 
"о": [["-о",1.0,0]], 
"П": [["-П",1.0,0]], 
"п": [["-п",1.0,0]],
"Р": [["-Р",1.0,0]], 
"р": [["-р",1.0,0]], 
"С": [["-С",1.0,0]], 
"с": [["-с",1.0,0]], 
"Т": [["-Т",1.0,0]], 
"т": [["-т",1.0,0]], 
"У": [["-У",1.0,0]], 
"у": [["-у",1.0,0]], 
"Ў": [["-Ў",1.0,0]], 
"Ў": [["-Ў",1.0,0]], 
"Ф": [["-Ф",1.0,0]], 
"ф": [["-ф",1.0,0]], 
"Х": [["-Х",1.0,0]],
"х": [["-х",1.0,0]], 
"Ц": [["-Ц",1.0,0]], 
"ц": [["-ц",1.0,0],["'ц",1.0]],
"Ч": [["-Ч",1.0,0]], 
"ч": [["-ч",1.0,0]], 
"Ш": [["-Ш",1.0,0]], 
"ш": [["-ш",1.0,0]], 
"Ы": [["-Ы",1.0,0]], 
"ы": [["-ы",1.0,0]], 
"Ь": [["-Ь",1.0,0]], 
"ь": [["-ь",1.0,0]],
"Э": [["-Э",1.0,0],["'Э",1.0]],
"э": [["-э",1.0,0]], 
"Ю": [["-Ю",1.0,0]], 
"ю": [["-ю",1.0,0],["'ю",1.0]], 
"Я": [["-Я",1.0,0]], 
"я": [["-я",1.0,0],["'я",1.0]]
},
"name":"Belarusian (Belarus)","variant":["be","BY"],"version":[0,3],"local_name":"Беларуская (Белару́сь)"}
