{"comment":"","charmap":
{
"ක": [["ක්‍ක", 0.9,0], ["ක්‍", 0.9,0], ["ක්‍ඛ", 0.9,0], ["ක්‍ග", 0.9,0], ["ක්‍ඝ", 0.9,0], ["ක්‍ඞ", 0.9,0], ["ක්‍ඟ", 0.9,0], ["ක්‍ච", 0.9,0], ["ක්‍ඡ", 0.9,0], ["ක්‍ජ", 0.9,0], ["ක්‍ඣ", 0.9,0], ["ක්‍ඤ", 0.9,0], ["ක්‍ඥ", 0.9,0], ["ක්‍ඦ", 0.9,0], ["ක්‍ට", 0.9,0], ["ක්‍ඨ", 0.9,0], ["ක්‍ඩ", 0.9,0], ["ක්‍ඪ", 0.9,0], ["ක්‍ණ", 0.9,0], ["ක්‍ඬ", 0.9,0], ["ක්‍ත", 0.9,0], ["ක්‍ථ", 0.9,0], ["ක්‍ද", 0.9,0], ["ක්‍ධ", 0.9,0], ["ක්‍න", 0.9,0], ["ක්‍ඳ", 0.9,0], ["ක්‍ප", 0.9,0], ["ක්‍ඵ", 0.9,0], ["ක්‍බ", 0.9,0], ["ක්‍භ", 0.9,0], ["ක්‍ම", 0.9,0], ["ක්‍ඹ", 0.9,0], ["ක්‍ය", 0.9,0], ["ක්‍ර", 0.9,0], ["ක්‍ල", 0.9,0], ["ක්‍ව", 0.9,0], ["ක්‍ශ", 0.9,0], ["ක්‍ෂ", 0.9,0], ["ක්‍ස", 0.9,0], ["ක්‍හ", 0.9,0], ["ක්‍ළ", 0.9,0], ["ක්‍ෆ", 0.9,0]],

"ඛ": [["ඛ්‍ක", 0.9,0], ["ඛ්‍ඛ", 0.9,0], ["ඛ්‍ග", 0.9,0], ["ඛ්‍ඝ", 0.9,0], ["ඛ්‍ඞ", 0.9,0], ["ඛ්‍ඟ", 0.9,0], ["ඛ්‍ච", 0.9,0], ["ඛ්‍ඡ", 0.9,0], ["ඛ්‍ජ", 0.9,0], ["ඛ්‍ඣ", 0.9,0], ["ඛ්‍ඤ", 0.9,0], ["ඛ්‍ඥ", 0.9,0], ["ඛ්‍ඦ", 0.9,0], ["ඛ්‍ට", 0.9,0], ["ඛ්‍ඨ", 0.9,0], ["ඛ්‍ඩ", 0.9,0], ["ඛ්‍ඪ", 0.9,0], ["ඛ්‍ණ", 0.9,0], ["ඛ්‍ඬ", 0.9,0], ["ඛ්‍ත", 0.9,0], ["ඛ්‍ථ", 0.9,0], ["ඛ්‍ද", 0.9,0], ["ඛ්‍ධ", 0.9,0], ["ඛ්‍න", 0.9,0], ["ඛ්‍ඳ", 0.9,0], ["ඛ්‍ප", 0.9,0], ["ඛ්‍ඵ", 0.9,0], ["ඛ්‍බ", 0.9,0], ["ඛ්‍භ", 0.9,0], ["ඛ්‍ම", 0.9,0], ["ඛ්‍ඹ", 0.9,0], ["ඛ්‍ය", 0.9,0], ["ඛ්‍ර", 0.9,0], ["ඛ්‍ල", 0.9,0], ["ඛ්‍ව", 0.9,0], ["ඛ්‍ශ", 0.9,0], ["ඛ්‍ෂ", 0.9,0], ["ඛ්‍ස", 0.9,0], ["ඛ්‍හ", 0.9,0], ["ඛ්‍ළ", 0.9,0], ["ඛ්‍ෆ", 0.9,0]],

"ග": [["ග්‍ක", 0.9,0], ["ග්‍", 0.9,0], ["ග්‍ඛ", 0.9,0], ["ග්‍ග", 0.9,0], ["ග්‍ඝ", 0.9,0], ["ග්‍ඞ", 0.9,0], ["ග්‍ඟ", 0.9,0], ["ග්‍ච", 0.9,0], ["ග්‍ඡ", 0.9,0], ["ග්‍ජ", 0.9,0], ["ග්‍ඣ", 0.9,0], ["ග්‍ඤ", 0.9,0], ["ග්‍ඥ", 0.9,0], ["ග්‍ඦ", 0.9,0], ["ග්‍ට", 0.9,0], ["ග්‍ඨ", 0.9,0], ["ග්‍ඩ", 0.9,0], ["ග්‍ඪ", 0.9,0], ["ග්‍ණ", 0.9,0], ["ග්‍ඬ", 0.9,0], ["ග්‍ත", 0.9,0], ["ග්‍ථ", 0.9,0], ["ග්‍ද", 0.9,0], ["ග්‍ධ", 0.9,0], ["ග්‍න", 0.9,0], ["ග්‍ඳ", 0.9,0], ["ග්‍ප", 0.9,0], ["ග්‍ඵ", 0.9,0], ["ග්‍බ", 0.9,0], ["ග්‍භ", 0.9,0], ["ග්‍ම", 0.9,0], ["ග්‍ඹ", 0.9,0], ["ග්‍ය", 0.9,0], ["ග්‍ර", 0.9,0], ["ග්‍ල", 0.9,0], ["ග්‍ව", 0.9,0], ["ග්‍ශ", 0.9,0], ["ග්‍ෂ", 0.9,0], ["ග්‍ස", 0.9,0], ["ග්‍හ", 0.9,0], ["ග්‍ළ", 0.9,0], ["ග්‍ෆ", 0.9,0]],

"ඝ": [["ඝ්‍ක", 0.9,0], ["ඝ්‍", 0.9,0], ["ඝ්‍ඛ", 0.9,0], ["ඝ්‍ග", 0.9,0], ["ඝ්‍ඝ", 0.9,0], ["ඝ්‍ඞ", 0.9,0], ["ඝ්‍ඟ", 0.9,0], ["ඝ්‍ච", 0.9,0], ["ඝ්‍ඡ", 0.9,0], ["ඝ්‍ජ", 0.9,0], ["ඝ්‍ඣ", 0.9,0], ["ඝ්‍ඤ", 0.9,0], ["ඝ්‍ඥ", 0.9,0], ["ඝ්‍ඦ", 0.9,0], ["ඝ්‍ට", 0.9,0], ["ඝ්‍ඨ", 0.9,0], ["ඝ්‍ඩ", 0.9,0], ["ඝ්‍ඪ", 0.9,0], ["ඝ්‍ණ", 0.9,0], ["ඝ්‍ඬ", 0.9,0], ["ඝ්‍ත", 0.9,0], ["ඝ්‍ථ", 0.9,0], ["ඝ්‍ද", 0.9,0], ["ඝ්‍ධ", 0.9,0], ["ඝ්‍න", 0.9,0], ["ඝ්‍ඳ", 0.9,0], ["ඝ්‍ප", 0.9,0], ["ඝ්‍ඵ", 0.9,0], ["ඝ්‍බ", 0.9,0], ["ඝ්‍භ", 0.9,0], ["ඝ්‍ම", 0.9,0], ["ඝ්‍ඹ", 0.9,0], ["ඝ්‍ය", 0.9,0], ["ඝ්‍ර", 0.9,0], ["ඝ්‍ල", 0.9,0], ["ඝ්‍ව", 0.9,0], ["ඝ්‍ශ", 0.9,0], ["ඝ්‍ෂ", 0.9,0], ["ඝ්‍ස", 0.9,0], ["ඝ්‍හ", 0.9,0], ["ඝ්‍ළ", 0.9,0], ["ඝ්‍ෆ", 0.9,0]], 

"ඞ": [["ඞ්‍ක", 0.9,0], ["ඞ්‍ඛ", 0.9,0], ["ඞ්‍ග", 0.9,0], ["ඞ්‍ඝ", 0.9,0], ["ඞ්‍ඞ", 0.9,0], ["ඞ්‍ඟ", 0.9,0], ["ඞ්‍ච", 0.9,0], ["ඞ්‍ඡ", 0.9,0], ["ඞ්‍ජ", 0.9,0], ["ඞ්‍ඣ", 0.9,0], ["ඞ්‍ඤ", 0.9,0], ["ඞ්‍ඥ", 0.9,0], ["ඞ්‍ඦ", 0.9,0], ["ඞ්‍ට", 0.9,0], ["ඞ්‍ඨ", 0.9,0], ["ඞ්‍ඩ", 0.9,0], ["ඞ්‍ඪ", 0.9,0], ["ඞ්‍ණ", 0.9,0], ["ඞ්‍ඬ", 0.9,0], ["ඞ්‍ත", 0.9,0], ["ඞ්‍ථ", 0.9,0], ["ඞ්‍ද", 0.9,0], ["ඞ්‍ධ", 0.9,0], ["ඞ්‍න", 0.9,0], ["ඞ්‍ඳ", 0.9,0], ["ඞ්‍ප", 0.9,0], ["ඞ්‍ඵ", 0.9,0], ["ඞ්‍බ", 0.9,0], ["ඞ්‍භ", 0.9,0], ["ඞ්‍ම", 0.9,0], ["ඞ්‍ඹ", 0.9,0], ["ඞ්‍ය", 0.9,0], ["ඞ්‍ර", 0.9,0], ["ඞ්‍ල", 0.9,0], ["ඞ්‍ව", 0.9,0], ["ඞ්‍ශ", 0.9,0], ["ඞ්‍ෂ", 0.9,0], ["ඞ්‍ස", 0.9,0], ["ඞ්‍හ", 0.9,0], ["ඞ්‍ළ", 0.9,0], ["ඞ්‍ෆ", 0.9,0]],

"ඟ": [["ඟ්‍ක", 0.9,0], ["ඟ්‍", 0.9,0], ["ඟ්‍ඛ", 0.9,0], ["ඟ්‍ග", 0.9,0], ["ඟ්‍ඝ", 0.9,0], ["ඟ්‍ඞ", 0.9,0], ["ඟ්‍ඟ", 0.9,0], ["ඟ්‍ච", 0.9,0], ["ඟ්‍ඡ", 0.9,0], ["ඟ්‍ජ", 0.9,0], ["ඟ්‍ඣ", 0.9,0], ["ඟ්‍ඤ", 0.9,0], ["ඟ්‍ඥ", 0.9,0], ["ඟ්‍ඦ", 0.9,0], ["ඟ්‍ට", 0.9,0], ["ඟ්‍ඨ", 0.9,0], ["ඟ්‍ඩ", 0.9,0], ["ඟ්‍ඪ", 0.9,0], ["ඟ්‍ණ", 0.9,0], ["ඟ්‍ඬ", 0.9,0], ["ඟ්‍ත", 0.9,0], ["ඟ්‍ථ", 0.9,0], ["ඟ්‍ද", 0.9,0], ["ඟ්‍ධ", 0.9,0], ["ඟ්‍න", 0.9,0], ["ඟ්‍ඳ", 0.9,0], ["ඟ්‍ප", 0.9,0], ["ඟ්‍ඵ", 0.9,0], ["ඟ්‍බ", 0.9,0], ["ඟ්‍භ", 0.9,0], ["ඟ්‍ම", 0.9,0], ["ඟ්‍ඹ", 0.9,0], ["ඟ්‍ය", 0.9,0], ["ඟ්‍ර", 0.9,0], ["ඟ්‍ල", 0.9,0], ["ඟ්‍ව", 0.9,0], ["ඟ්‍ශ", 0.9,0], ["ඟ්‍ෂ", 0.9,0], ["ඟ්‍ස", 0.9,0], ["ඟ්‍හ", 0.9,0], ["ඟ්‍ළ", 0.9,0], ["ඟ්‍ෆ", 0.9,0]], 

"ච": [["ච්‍ක", 0.9,0], ["ච්‍ඛ", 0.9,0], ["ච්‍ග", 0.9,0], ["ච්‍ඝ", 0.9,0], ["ච්‍ඞ", 0.9,0], ["ච්‍ඟ", 0.9,0], ["ච්‍ච", 0.9,0], ["ච්‍ඡ", 0.9,0], ["ච්‍ජ", 0.9,0], ["ච්‍ඣ", 0.9,0], ["ච්‍ඤ", 0.9,0], ["ච්‍ඥ", 0.9,0], ["ච්‍ඦ", 0.9,0], ["ච්‍ට", 0.9,0], ["ච්‍ඨ", 0.9,0], ["ච්‍ඩ", 0.9,0], ["ච්‍ඪ", 0.9,0], ["ච්‍ණ", 0.9,0], ["ච්‍ඬ", 0.9,0], ["ච්‍ත", 0.9,0], ["ච්‍ථ", 0.9,0], ["ච්‍ද", 0.9,0], ["ච්‍ධ", 0.9,0], ["ච්‍න", 0.9,0], ["ච්‍ඳ", 0.9,0], ["ච්‍ප", 0.9,0], ["ච්‍ඵ", 0.9,0], ["ච්‍බ", 0.9,0], ["ච්‍භ", 0.9,0], ["ච්‍ම", 0.9,0], ["ච්‍ඹ", 0.9,0], ["ච්‍ය", 0.9,0], ["ච්‍ර", 0.9,0], ["ච්‍ල", 0.9,0], ["ච්‍ව", 0.9,0], ["ච්‍ශ", 0.9,0], ["ච්‍ෂ", 0.9,0], ["ච්‍ස", 0.9,0], ["ච්‍හ", 0.9,0], ["ච්‍ළ", 0.9,0], ["ච්‍ෆ", 0.9,0]],

"ඡ": [["ඡ්‍ක", 0.9,0], ["ඡ්‍", 0.9,0], ["ඡ්‍ඛ", 0.9,0], ["ඡ්‍ග", 0.9,0], ["ඡ්‍ඝ", 0.9,0], ["ඡ්‍ඞ", 0.9,0], ["ඡ්‍ඟ", 0.9,0], ["ඡ්‍ච", 0.9,0], ["ඡ්‍ඡ", 0.9,0], ["ඡ්‍ජ", 0.9,0], ["ඡ්‍ඣ", 0.9,0], ["ඡ්‍ඤ", 0.9,0], ["ඡ්‍ඥ", 0.9,0], ["ඡ්‍ඦ", 0.9,0], ["ඡ්‍ට", 0.9,0], ["ඡ්‍ඨ", 0.9,0], ["ඡ්‍ඩ", 0.9,0], ["ඡ්‍ඪ", 0.9,0], ["ඡ්‍ණ", 0.9,0], ["ඡ්‍ඬ", 0.9,0], ["ඡ්‍ත", 0.9,0], ["ඡ්‍ථ", 0.9,0], ["ඡ්‍ද", 0.9,0], ["ඡ්‍ධ", 0.9,0], ["ඡ්‍න", 0.9,0], ["ඡ්‍ඳ", 0.9,0], ["ඡ්‍ප", 0.9,0], ["ඡ්‍ඵ", 0.9,0], ["ඡ්‍බ", 0.9,0], ["ඡ්‍භ", 0.9,0], ["ඡ්‍ම", 0.9,0], ["ඡ්‍ඹ", 0.9,0], ["ඡ්‍ය", 0.9,0], ["ඡ්‍ර", 0.9,0], ["ඡ්‍ල", 0.9,0], ["ඡ්‍ව", 0.9,0], ["ඡ්‍ශ", 0.9,0], ["ඡ්‍ෂ", 0.9,0], ["ඡ්‍ස", 0.9,0], ["ඡ්‍හ", 0.9,0], ["ඡ්‍ළ", 0.9,0], ["ඡ්‍ෆ", 0.9,0]],

"ජ": [["ජ්‍ක", 0.9,0], ["ජ්‍", 0.9,0], ["ජ්‍ඛ", 0.9,0], ["ජ්‍ග", 0.9,0], ["ජ්‍ඝ", 0.9,0], ["ජ්‍ඞ", 0.9,0], ["ජ්‍ඟ", 0.9,0], ["ජ්‍ච", 0.9,0], ["ජ්‍ඡ", 0.9,0], ["ජ්‍ජ", 0.9,0], ["ජ්‍ඣ", 0.9,0], ["ජ්‍ඤ", 0.9,0], ["ජ්‍ඥ", 0.9,0], ["ජ්‍ඦ", 0.9,0], ["ජ්‍ට", 0.9,0], ["ජ්‍ඨ", 0.9,0], ["ජ්‍ඩ", 0.9,0], ["ජ්‍ඪ", 0.9,0], ["ජ්‍ණ", 0.9,0], ["ජ්‍ඬ", 0.9,0], ["ජ්‍ත", 0.9,0], ["ජ්‍ථ", 0.9,0], ["ජ්‍ද", 0.9,0], ["ජ්‍ධ", 0.9,0], ["ජ්‍න", 0.9,0], ["ජ්‍ඳ", 0.9,0], ["ජ්‍ප", 0.9,0], ["ජ්‍ඵ", 0.9,0], ["ජ්‍බ", 0.9,0], ["ජ්‍භ", 0.9,0], ["ජ්‍ම", 0.9,0], ["ජ්‍ඹ", 0.9,0], ["ජ්‍ය", 0.9,0], ["ජ්‍ර", 0.9,0], ["ජ්‍ල", 0.9,0], ["ජ්‍ව", 0.9,0], ["ජ්‍ශ", 0.9,0], ["ජ්‍ෂ", 0.9,0], ["ජ්‍ස", 0.9,0], ["ජ්‍හ", 0.9,0], ["ජ්‍ළ", 0.9,0], ["ජ්‍ෆ", 0.9,0]],

"ඣ": [["ඣ්‍ක", 0.9,0], ["ඣ්‍ඛ", 0.9,0], ["ඣ්‍ග", 0.9,0], ["ඣ්‍ඝ", 0.9,0], ["ඣ්‍ඞ", 0.9,0], ["ඣ්‍ඟ", 0.9,0], ["ඣ්‍ච", 0.9,0], ["ඣ්‍ඡ", 0.9,0], ["ඣ්‍ජ", 0.9,0], ["ඣ්‍ඣ", 0.9,0], ["ඣ්‍ඤ", 0.9,0], ["ඣ්‍ඥ", 0.9,0], ["ඣ්‍ඦ", 0.9,0], ["ඣ්‍ට", 0.9,0], ["ඣ්‍ඨ", 0.9,0], ["ඣ්‍ඩ", 0.9,0], ["ඣ්‍ඪ", 0.9,0], ["ඣ්‍ණ", 0.9,0], ["ඣ්‍ඬ", 0.9,0], ["ඣ්‍ත", 0.9,0], ["ඣ්‍ථ", 0.9,0], ["ඣ්‍ද", 0.9,0], ["ඣ්‍ධ", 0.9,0], ["ඣ්‍න", 0.9,0], ["ඣ්‍ඳ", 0.9,0], ["ඣ්‍ප", 0.9,0], ["ඣ්‍ඵ", 0.9,0], ["ඣ්‍බ", 0.9,0], ["ඣ්‍භ", 0.9,0], ["ඣ්‍ම", 0.9,0], ["ඣ්‍ඹ", 0.9,0], ["ඣ්‍ය", 0.9,0], ["ඣ්‍ර", 0.9,0], ["ඣ්‍ල", 0.9,0], ["ඣ්‍ව", 0.9,0], ["ඣ්‍ශ", 0.9,0], ["ඣ්‍ෂ", 0.9,0], ["ඣ්‍ස", 0.9,0], ["ඣ්‍හ", 0.9,0], ["ඣ්‍ළ", 0.9,0], ["ඣ්‍ෆ", 0.9,0]], 

"ඤ": [["ඤ්‍ක", 0.9,0], ["ඤ්‍ඛ", 0.9,0], ["ඤ්‍ග", 0.9,0], ["ඤ්‍ඝ", 0.9,0], ["ඤ්‍ඞ", 0.9,0], ["ඤ්‍ඟ", 0.9,0], ["ඤ්‍ච", 0.9,0], ["ඤ්‍ඡ", 0.9,0], ["ඤ්‍ජ", 0.9,0], ["ඤ්‍ඣ", 0.9,0], ["ඤ්‍ඤ", 0.9,0], ["ඤ්‍ඥ", 0.9,0], ["ඤ්‍ඦ", 0.9,0], ["ඤ්‍ට", 0.9,0], ["ඤ්‍ඨ", 0.9,0], ["ඤ්‍ඩ", 0.9,0], ["ඤ්‍ඪ", 0.9,0], ["ඤ්‍ණ", 0.9,0], ["ඤ්‍ඬ", 0.9,0], ["ඤ්‍ත", 0.9,0], ["ඤ්‍ථ", 0.9,0], ["ඤ්‍ද", 0.9,0], ["ඤ්‍ධ", 0.9,0], ["ඤ්‍න", 0.9,0], ["ඤ්‍ඳ", 0.9,0], ["ඤ්‍ප", 0.9,0], ["ඤ්‍ඵ", 0.9,0], ["ඤ්‍බ", 0.9,0], ["ඤ්‍භ", 0.9,0], ["ඤ්‍ම", 0.9,0], ["ඤ්‍ඹ", 0.9,0], ["ඤ්‍ය", 0.9,0], ["ඤ්‍ර", 0.9,0], ["ඤ්‍ල", 0.9,0], ["ඤ්‍ව", 0.9,0], ["ඤ්‍ශ", 0.9,0], ["ඤ්‍ෂ", 0.9,0], ["ඤ්‍ස", 0.9,0], ["ඤ්‍හ", 0.9,0], ["ඤ්‍ළ", 0.9,0], ["ඤ්‍ෆ", 0.9,0]],

"ඥ": [["ඥ්‍ක", 0.9,0], ["ඥ්‍", 0.9,0], ["ඥ්‍ඛ", 0.9,0], ["ඥ්‍ග", 0.9,0], ["ඥ්‍ඝ", 0.9,0], ["ඥ්‍ඞ", 0.9,0], ["ඥ්‍ඟ", 0.9,0], ["ඥ්‍ච", 0.9,0], ["ඥ්‍ඡ", 0.9,0], ["ඥ්‍ජ", 0.9,0], ["ඥ්‍ඣ", 0.9,0], ["ඥ්‍ඤ", 0.9,0], ["ඥ්‍ඥ", 0.9,0], ["ඥ්‍ඦ", 0.9,0], ["ඥ්‍ට", 0.9,0], ["ඥ්‍ඨ", 0.9,0], ["ඥ්‍ඩ", 0.9,0], ["ඥ්‍ඪ", 0.9,0], ["ඥ්‍ණ", 0.9,0], ["ඥ්‍ඬ", 0.9,0], ["ඥ්‍ත", 0.9,0], ["ඥ්‍ථ", 0.9,0], ["ඥ්‍ද", 0.9,0], ["ඥ්‍ධ", 0.9,0], ["ඥ්‍න", 0.9,0], ["ඥ්‍ඳ", 0.9,0], ["ඥ්‍ප", 0.9,0], ["ඥ්‍ඵ", 0.9,0], ["ඥ්‍බ", 0.9,0], ["ඥ්‍භ", 0.9,0], ["ඥ්‍ම", 0.9,0], ["ඥ්‍ඹ", 0.9,0], ["ඥ්‍ය", 0.9,0], ["ඥ්‍ර", 0.9,0], ["ඥ්‍ල", 0.9,0], ["ඥ්‍ව", 0.9,0], ["ඥ්‍ශ", 0.9,0], ["ඥ්‍ෂ", 0.9,0], ["ඥ්‍ස", 0.9,0], ["ඥ්‍හ", 0.9,0], ["ඥ්‍ළ", 0.9,0], ["ඥ්‍ෆ", 0.9,0]],

"ඦ": [["ඦ්‍ක", 0.9,0], ["ඦ්‍", 0.9,0], ["ඦ්‍ඛ", 0.9,0], ["ඦ්‍ග", 0.9,0], ["ඦ්‍ඝ", 0.9,0], ["ඦ්‍ඞ", 0.9,0], ["ඦ්‍ඟ", 0.9,0], ["ඦ්‍ච", 0.9,0], ["ඦ්‍ඡ", 0.9,0], ["ඦ්‍ජ", 0.9,0], ["ඦ්‍ඣ", 0.9,0], ["ඦ්‍ඤ", 0.9,0], ["ඦ්‍ඥ", 0.9,0], ["ඦ්‍ඦ", 0.9,0], ["ඦ්‍ට", 0.9,0], ["ඦ්‍ඨ", 0.9,0], ["ඦ්‍ඩ", 0.9,0], ["ඦ්‍ඪ", 0.9,0], ["ඦ්‍ණ", 0.9,0], ["ඦ්‍ඬ", 0.9,0], ["ඦ්‍ත", 0.9,0], ["ඦ්‍ථ", 0.9,0], ["ඦ්‍ද", 0.9,0], ["ඦ්‍ධ", 0.9,0], ["ඦ්‍න", 0.9,0], ["ඦ්‍ඳ", 0.9,0], ["ඦ්‍ප", 0.9,0], ["ඦ්‍ඵ", 0.9,0], ["ඦ්‍බ", 0.9,0], ["ඦ්‍භ", 0.9,0], ["ඦ්‍ම", 0.9,0], ["ඦ්‍ඹ", 0.9,0], ["ඦ්‍ය", 0.9,0], ["ඦ්‍ර", 0.9,0], ["ඦ්‍ල", 0.9,0], ["ඦ්‍ව", 0.9,0], ["ඦ්‍ශ", 0.9,0], ["ඦ්‍ෂ", 0.9,0], ["ඦ්‍ස", 0.9,0], ["ඦ්‍හ", 0.9,0], ["ඦ්‍ළ", 0.9,0], ["ඦ්‍ෆ", 0.9,0]],

"ට": [["ට්ක", 0.9,0], ["ට්ඛ", 0.9,0], ["ට්ග", 0.9,0], ["ට්ඝ", 0.9,0], ["ට්ඞ", 0.9,0], ["ට්ඟ", 0.9,0], ["ට්ච", 0.9,0], ["ට්ඡ", 0.9,0], ["ට්ජ", 0.9,0], ["ට්ඣ", 0.9,0], ["ට්ඤ", 0.9,0], ["ට්ඥ", 0.9,0], ["ට්ඦ", 0.9,0], ["ට්ට", 0.9,0], ["ට්ඨ", 0.9,0], ["ට්ඩ", 0.9,0], ["ට්ඪ", 0.9,0], ["ට්ණ", 0.9,0], ["ට්ඬ", 0.9,0], ["ට්ත", 0.9,0], ["ට්ථ", 0.9,0], ["ට්ද", 0.9,0], ["ට්ධ", 0.9,0], ["ට්න", 0.9,0], ["ට්ඳ", 0.9,0], ["ට්ප", 0.9,0], ["ට්ඵ", 0.9,0], ["ට්බ", 0.9,0], ["ට්භ", 0.9,0], ["ට්ම", 0.9,0], ["ට්ඹ", 0.9,0], ["ට්‍ය", 0.9,0], ["ට්‍ර", 0.9,0], ["ට්ල", 0.9,0], ["ට්ව", 0.9,0], ["ට්ශ", 0.9,0], ["ට්ෂ", 0.9,0], ["ට්ස", 0.9,0], ["ට්හ", 0.9,0], ["ට්ළ", 0.9,0], ["ට්ෆ", 0.9,0]],

"ඨ": [["ඨ්ක", 0.9,0], ["ඨ්", 0.9,0], ["ඨ්ඛ", 0.9,0], ["ඨ්ග", 0.9,0], ["ඨ්ඝ", 0.9,0], ["ඨ්ඞ", 0.9,0], ["ඨ්ඟ", 0.9,0], ["ඨ්ච", 0.9,0], ["ඨ්ඡ", 0.9,0], ["ඨ්ජ", 0.9,0], ["ඨ්ඣ", 0.9,0], ["ඨ්ඤ", 0.9,0], ["ඨ්ඥ", 0.9,0], ["ඨ්ඦ", 0.9,0], ["ඨ්ට", 0.9,0], ["ඨ්ඨ", 0.9,0], ["ඨ්ඩ", 0.9,0], ["ඨ්ඪ", 0.9,0], ["ඨ්ණ", 0.9,0], ["ඨ්ඬ", 0.9,0], ["ඨ්ත", 0.9,0], ["ඨ්ථ", 0.9,0], ["ඨ්ද", 0.9,0], ["ඨ්ධ", 0.9,0], ["ඨ්න", 0.9,0], ["ඨ්ඳ", 0.9,0], ["ඨ්ප", 0.9,0], ["ඨ්ඵ", 0.9,0], ["ඨ්බ", 0.9,0], ["ඨ්භ", 0.9,0], ["ඨ්ම", 0.9,0], ["ඨ්ඹ", 0.9,0], ["ඨ්‍ය", 0.9,0], ["ඨ්‍ර", 0.9,0], ["ඨ්ල", 0.9,0], ["ඨ්ව", 0.9,0], ["ඨ්ශ", 0.9,0], ["ඨ්ෂ", 0.9,0], ["ඨ්ස", 0.9,0], ["ඨ්හ", 0.9,0], ["ඨ්ළ", 0.9,0], ["ඨ්ෆ", 0.9,0]],

"ඩ": [["ඩ්ක", 0.9,0], ["ඩ්ඛ", 0.9,0], ["ඩ්ග", 0.9,0], ["ඩ්ඝ", 0.9,0], ["ඩ්ඞ", 0.9,0], ["ඩ්ඟ", 0.9,0], ["ඩ්ච", 0.9,0], ["ඩ්ඡ", 0.9,0], ["ඩ්ජ", 0.9,0], ["ඩ්ඣ", 0.9,0], ["ඩ්ඤ", 0.9,0], ["ඩ්ඥ", 0.9,0], ["ඩ්ඦ", 0.9,0], ["ඩ්ට", 0.9,0], ["ඩ්ඨ", 0.9,0], ["ඩ්ඩ", 0.9,0], ["ඩ්ඪ", 0.9,0], ["ඩ්ණ", 0.9,0], ["ඩ්ඬ", 0.9,0], ["ඩ්ත", 0.9,0], ["ඩ්ථ", 0.9,0], ["ඩ්ද", 0.9,0], ["ඩ්ධ", 0.9,0], ["ඩ්න", 0.9,0], ["ඩ්ඳ", 0.9,0], ["ඩ්ප", 0.9,0], ["ඩ්ඵ", 0.9,0], ["ඩ්බ", 0.9,0], ["ඩ්භ", 0.9,0], ["ඩ්ම", 0.9,0], ["ඩ්ඹ", 0.9,0], ["ඩ්‍ය", 0.9,0], ["ඩ්‍ර", 0.9,0], ["ඩ්ල", 0.9,0], ["ඩ්ව", 0.9,0], ["ඩ්ශ", 0.9,0], ["ඩ්ෂ", 0.9,0], ["ඩ්ස", 0.9,0], ["ඩ්හ", 0.9,0], ["ඩ්ළ", 0.9,0], ["ඩ්ෆ", 0.9,0]],

"ඪ": [["ඪ්ක", 0.9,0], ["ඪ්", 0.9,0], ["ඪ්ඛ", 0.9,0], ["ඪ්ග", 0.9,0], ["ඪ්ඝ", 0.9,0], ["ඪ්ඞ", 0.9,0], ["ඪ්ඟ", 0.9,0], ["ඪ්ච", 0.9,0], ["ඪ්ඡ", 0.9,0], ["ඪ්ජ", 0.9,0], ["ඪ්ඣ", 0.9,0], ["ඪ්ඤ", 0.9,0], ["ඪ්ඥ", 0.9,0], ["ඪ්ඦ", 0.9,0], ["ඪ්ට", 0.9,0], ["ඪ්ඨ", 0.9,0], ["ඪ්ඩ", 0.9,0], ["ඪ්ඪ", 0.9,0], ["ඪ්ණ", 0.9,0], ["ඪ්ඬ", 0.9,0], ["ඪ්ත", 0.9,0], ["ඪ්ථ", 0.9,0], ["ඪ්ද", 0.9,0], ["ඪ්ධ", 0.9,0], ["ඪ්න", 0.9,0], ["ඪ්ඳ", 0.9,0], ["ඪ්ප", 0.9,0], ["ඪ්ඵ", 0.9,0], ["ඪ්බ", 0.9,0], ["ඪ්භ", 0.9,0], ["ඪ්ම", 0.9,0], ["ඪ්ඹ", 0.9,0], ["ඪ්‍ය", 0.9,0], ["ඪ්‍ර", 0.9,0], ["ඪ්ල", 0.9,0], ["ඪ්ව", 0.9,0], ["ඪ්ශ", 0.9,0], ["ඪ්ෂ", 0.9,0], ["ඪ්ස", 0.9,0], ["ඪ්හ", 0.9,0], ["ඪ්ළ", 0.9,0], ["ඪ්ෆ", 0.9,0]],

"ණ": [["ණ්ක", 0.9,0], ["ණ්", 0.9,0], ["ණ්ඛ", 0.9,0], ["ණ්ග", 0.9,0], ["ණ්ඝ", 0.9,0], ["ණ්ඞ", 0.9,0], ["ණ්ඟ", 0.9,0], ["ණ්ච", 0.9,0], ["ණ්ඡ", 0.9,0], ["ණ්ජ", 0.9,0], ["ණ්ඣ", 0.9,0], ["ණ්ඤ", 0.9,0], ["ණ්ඥ", 0.9,0], ["ණ්ඦ", 0.9,0], ["ණ්ට", 0.9,0], ["ණ්ඨ", 0.9,0], ["ණ්ඩ", 0.9,0], ["ණ්ඪ", 0.9,0], ["ණ්ණ", 0.9,0], ["ණ්ඬ", 0.9,0], ["ණ්ත", 0.9,0], ["ණ්ථ", 0.9,0], ["ණ්ද", 0.9,0], ["ණ්ධ", 0.9,0], ["ණ්න", 0.9,0], ["ණ්ඳ", 0.9,0], ["ණ්ප", 0.9,0], ["ණ්ඵ", 0.9,0], ["ණ්බ", 0.9,0], ["ණ්භ", 0.9,0], ["ණ්ම", 0.9,0], ["ණ්ඹ", 0.9,0], ["ණ්‍ය", 0.9,0], ["ණ්‍ර", 0.9,0], ["ණ්ල", 0.9,0], ["ණ්ව", 0.9,0], ["ණ්ශ", 0.9,0], ["ණ්ෂ", 0.9,0], ["ණ්ස", 0.9,0], ["ණ්හ", 0.9,0], ["ණ්ළ", 0.9,0], ["ණ්ෆ", 0.9,0]],

"ඬ": [["ඬ්ක", 0.9,0], ["ඬ්ඛ", 0.9,0], ["ඬ්ග", 0.9,0], ["ඬ්ඝ", 0.9,0], ["ඬ්ඞ", 0.9,0], ["ඬ්ඟ", 0.9,0], ["ඬ්ච", 0.9,0], ["ඬ්ඡ", 0.9,0], ["ඬ්ජ", 0.9,0], ["ඬ්ඣ", 0.9,0], ["ඬ්ඤ", 0.9,0], ["ඬ්ඥ", 0.9,0], ["ඬ්ඦ", 0.9,0], ["ඬ්ට", 0.9,0], ["ඬ්ඨ", 0.9,0], ["ඬ්ඩ", 0.9,0], ["ඬ්ඪ", 0.9,0], ["ඬ්ණ", 0.9,0], ["ඬ්ඬ", 0.9,0], ["ඬ්ත", 0.9,0], ["ඬ්ථ", 0.9,0], ["ඬ්ද", 0.9,0], ["ඬ්ධ", 0.9,0], ["ඬ්න", 0.9,0], ["ඬ්ඳ", 0.9,0], ["ඬ්ප", 0.9,0], ["ඬ්ඵ", 0.9,0], ["ඬ්බ", 0.9,0], ["ඬ්භ", 0.9,0], ["ඬ්ම", 0.9,0], ["ඬ්ඹ", 0.9,0], ["ඬ්‍ය", 0.9,0], ["ඬ්‍ර", 0.9,0], ["ඬ්ල", 0.9,0], ["ඬ්ව", 0.9,0], ["ඬ්ශ", 0.9,0], ["ඬ්ෂ", 0.9,0], ["ඬ්ස", 0.9,0], ["ඬ්හ", 0.9,0], ["ඬ්ළ", 0.9,0], ["ඬ්ෆ", 0.9,0]],

"ත": [["ත්‍ක", 0.9,0], ["ත්‍", 0.9,0], ["ත්‍ඛ", 0.9,0], ["ත්‍ග", 0.9,0], ["ත්‍ඝ", 0.9,0], ["ත්‍ඞ", 0.9,0], ["ත්‍ඟ", 0.9,0], ["ත්‍ච", 0.9,0], ["ත්‍ඡ", 0.9,0], ["ත්‍ජ", 0.9,0], ["ත්‍ඣ", 0.9,0], ["ත්‍ඤ", 0.9,0], ["ත්‍ඥ", 0.9,0], ["ත්‍ඦ", 0.9,0], ["ත්‍ට", 0.9,0], ["ත්‍ඨ", 0.9,0], ["ත්‍ඩ", 0.9,0], ["ත්‍ඪ", 0.9,0], ["ත්‍ණ", 0.9,0], ["ත්‍ඬ", 0.9,0], ["ත්‍ත", 0.9,0], ["ත්‍ථ", 0.9,0], ["ත්‍ද", 0.9,0], ["ත්‍ධ", 0.9,0], ["ත්‍න", 0.9,0], ["ත්‍ඳ", 0.9,0], ["ත්‍ප", 0.9,0], ["ත්‍ඵ", 0.9,0], ["ත්‍බ", 0.9,0], ["ත්‍භ", 0.9,0], ["ත්‍ම", 0.9,0], ["ත්‍ඹ", 0.9,0], ["ත්‍ය", 0.9,0], ["ත්‍ර", 0.9,0], ["ත්‍ල", 0.9,0], ["ත්‍ව", 0.9,0], ["ත්‍ශ", 0.9,0], ["ත්‍ෂ", 0.9,0], ["ත්‍ස", 0.9,0], ["ත්‍හ", 0.9,0], ["ත්‍ළ", 0.9,0], ["ත්‍ෆ", 0.9,0]],

"ථ": [["ථ්ක", 0.9,0], ["ථ්", 0.9,0], ["ථ්ඛ", 0.9,0], ["ථ්ග", 0.9,0], ["ථ්ඝ", 0.9,0], ["ථ්ඞ", 0.9,0], ["ථ්ඟ", 0.9,0], ["ථ්ච", 0.9,0], ["ථ්ඡ", 0.9,0], ["ථ්ජ", 0.9,0], ["ථ්ඣ", 0.9,0], ["ථ්ඤ", 0.9,0], ["ථ්ඥ", 0.9,0], ["ථ්ඦ", 0.9,0], ["ථ්ට", 0.9,0], ["ථ්ඨ", 0.9,0], ["ථ්ඩ", 0.9,0], ["ථ්ඪ", 0.9,0], ["ථ්ණ", 0.9,0], ["ථ්ඬ", 0.9,0], ["ථ්ත", 0.9,0], ["ථ්ථ", 0.9,0], ["ථ්ද", 0.9,0], ["ථ්ධ", 0.9,0], ["ථ්න", 0.9,0], ["ථ්ඳ", 0.9,0], ["ථ්ප", 0.9,0], ["ථ්ඵ", 0.9,0], ["ථ්බ", 0.9,0], ["ථ්භ", 0.9,0], ["ථ්ම", 0.9,0], ["ථ්ඹ", 0.9,0], ["ථ්‍ය", 0.9,0], ["ථ්‍ර", 0.9,0], ["ථ්ල", 0.9,0], ["ථ්ව", 0.9,0], ["ථ්ශ", 0.9,0], ["ථ්ෂ", 0.9,0], ["ථ්ස", 0.9,0], ["ථ්හ", 0.9,0], ["ථ්ළ", 0.9,0], ["ථ්ෆ", 0.9,0]], 

"ද": [["ද්ක", 0.9,0], ["ද්", 0.9,0], ["ද්ඛ", 0.9,0], ["ද්ග", 0.9,0], ["ද්ඝ", 0.9,0], ["ද්ඞ", 0.9,0], ["ද්ඟ", 0.9,0], ["ද්ච", 0.9,0], ["ද්ඡ", 0.9,0], ["ද්ජ", 0.9,0], ["ද්ඣ", 0.9,0], ["ද්ඤ", 0.9,0], ["ද්ඥ", 0.9,0], ["ද්ඦ", 0.9,0], ["ද්ට", 0.9,0], ["ද්ඨ", 0.9,0], ["ද්ඩ", 0.9,0], ["ද්ඪ", 0.9,0], ["ද්ණ", 0.9,0], ["ද්ඬ", 0.9,0], ["ද්ත", 0.9,0], ["ද්ථ", 0.9,0], ["ද්ද", 0.9,0], ["ද්ධ", 0.9,0], ["ද්න", 0.9,0], ["ද්ඳ", 0.9,0], ["ද්ප", 0.9,0], ["ද්ඵ", 0.9,0], ["ද්බ", 0.9,0], ["ද්භ", 0.9,0], ["ද්ම", 0.9,0], ["ද්ඹ", 0.9,0], ["ද්‍ය", 0.9,0], ["ද්‍ර", 0.9,0], ["ද්ල", 0.9,0], ["ද්ව", 0.9,0], ["ද්ශ", 0.9,0], ["ද්ෂ", 0.9,0], ["ද්ස", 0.9,0], ["ද්හ", 0.9,0], ["ද්ළ", 0.9,0], ["ද්ෆ", 0.9,0]], 

"ධ": [["ධ්ක", 0.9,0], ["ධ්ඛ", 0.9,0], ["ධ්ග", 0.9,0], ["ධ්ඝ", 0.9,0], ["ධ්ඞ", 0.9,0], ["ධ්ඟ", 0.9,0], ["ධ්ච", 0.9,0], ["ධ්ඡ", 0.9,0], ["ධ්ජ", 0.9,0], ["ධ්ඣ", 0.9,0], ["ධ්ඤ", 0.9,0], ["ධ්ඥ", 0.9,0], ["ධ්ඦ", 0.9,0], ["ධ්ට", 0.9,0], ["ධ්ඨ", 0.9,0], ["ධ්ඩ", 0.9,0], ["ධ්ඪ", 0.9,0], ["ධ්ණ", 0.9,0], ["ධ්ඬ", 0.9,0], ["ධ්ත", 0.9,0], ["ධ්ථ", 0.9,0], ["ධ්ද", 0.9,0], ["ධ්ධ", 0.9,0], ["ධ්න", 0.9,0], ["ධ්ඳ", 0.9,0], ["ධ්ප", 0.9,0], ["ධ්ඵ", 0.9,0], ["ධ්බ", 0.9,0], ["ධ්භ", 0.9,0], ["ධ්ම", 0.9,0], ["ධ්ඹ", 0.9,0], ["ධ්‍ය", 0.9,0], ["ධ්‍ර", 0.9,0], ["ධ්ල", 0.9,0], ["ධ්ව", 0.9,0], ["ධ්ශ", 0.9,0], ["ධ්ෂ", 0.9,0], ["ධ්ස", 0.9,0], ["ධ්හ", 0.9,0], ["ධ්ළ", 0.9,0], ["ධ්ෆ", 0.9,0]], 

"න": [["න්‍ක", 0.9,0], ["න්‍", 0.9,0], ["න්‍ඛ", 0.9,0], ["න්‍ග", 0.9,0], ["න්‍ඝ", 0.9,0], ["න්‍ඞ", 0.9,0], ["න්‍ඟ", 0.9,0], ["න්‍ච", 0.9,0], ["න්‍ඡ", 0.9,0], ["න්‍ජ", 0.9,0], ["න්‍ඣ", 0.9,0], ["න්‍ඤ", 0.9,0], ["න්‍ඥ", 0.9,0], ["න්‍ඦ", 0.9,0], ["න්‍ට", 0.9,0], ["න්‍ඨ", 0.9,0], ["න්‍ඩ", 0.9,0], ["න්‍ඪ", 0.9,0], ["න්‍ණ", 0.9,0], ["න්‍ඬ", 0.9,0], ["න්‍ත", 0.9,0], ["න්‍ථ", 0.9,0], ["න්‍ද", 0.9,0], ["න්‍ධ", 0.9,0], ["න්‍න", 0.9,0], ["න්‍ඳ", 0.9,0], ["න්‍ප", 0.9,0], ["න්‍ඵ", 0.9,0], ["න්‍බ", 0.9,0], ["න්‍භ", 0.9,0], ["න්‍ම", 0.9,0], ["න්‍ඹ", 0.9,0], ["න්‍ය", 0.9,0], ["න්‍ර", 0.9,0], ["න්‍ල", 0.9,0], ["න්‍ව", 0.9,0], ["න්‍ශ", 0.9,0], ["න්‍ෂ", 0.9,0], ["න්‍ස", 0.9,0], ["න්‍හ", 0.9,0], ["න්‍ළ", 0.9,0], ["න්‍ෆ", 0.9,0]],

"ඳ": [["ඳ්‍ක", 0.9,0], ["ඳ්‍", 0.9,0], ["ඳ්‍ඛ", 0.9,0], ["ඳ්‍ග", 0.9,0], ["ඳ්‍ඝ", 0.9,0], ["ඳ්‍ඞ", 0.9,0], ["ඳ්‍ඟ", 0.9,0], ["ඳ්‍ච", 0.9,0], ["ඳ්‍ඡ", 0.9,0], ["ඳ්‍ජ", 0.9,0], ["ඳ්‍ඣ", 0.9,0], ["ඳ්‍ඤ", 0.9,0], ["ඳ්‍ඥ", 0.9,0], ["ඳ්‍ඦ", 0.9,0], ["ඳ්‍ට", 0.9,0], ["ඳ්‍ඨ", 0.9,0], ["ඳ්‍ඩ", 0.9,0], ["ඳ්‍ඪ", 0.9,0], ["ඳ්‍ණ", 0.9,0], ["ඳ්‍ඬ", 0.9,0], ["ඳ්‍ත", 0.9,0], ["ඳ්‍ථ", 0.9,0], ["ඳ්‍ද", 0.9,0], ["ඳ්‍ධ", 0.9,0], ["ඳ්‍න", 0.9,0], ["ඳ්‍ඳ", 0.9,0], ["ඳ්‍ප", 0.9,0], ["ඳ්‍ඵ", 0.9,0], ["ඳ්‍බ", 0.9,0], ["ඳ්‍භ", 0.9,0], ["ඳ්‍ම", 0.9,0], ["ඳ්‍ඹ", 0.9,0], ["ඳ්‍ය", 0.9,0], ["ඳ්‍ර", 0.9,0], ["ඳ්‍ල", 0.9,0], ["ඳ්‍ව", 0.9,0], ["ඳ්‍ශ", 0.9,0], ["ඳ්‍ෂ", 0.9,0], ["ඳ්‍ස", 0.9,0], ["ඳ්‍හ", 0.9,0], ["ඳ්‍ළ", 0.9,0], ["ඳ්‍ෆ", 0.9,0]],

"ප": [["ප්ක", 0.9,0], ["ප්", 0.9,0], ["ප්ඛ", 0.9,0], ["ප්ග", 0.9,0], ["ප්ඝ", 0.9,0], ["ප්ඞ", 0.9,0], ["ප්ඟ", 0.9,0], ["ප්ච", 0.9,0], ["ප්ඡ", 0.9,0], ["ප්ජ", 0.9,0], ["ප්ඣ", 0.9,0], ["ප්ඤ", 0.9,0], ["ප්ඥ", 0.9,0], ["ප්ඦ", 0.9,0], ["ප්ට", 0.9,0], ["ප්ඨ", 0.9,0], ["ප්ඩ", 0.9,0], ["ප්ඪ", 0.9,0], ["ප්ණ", 0.9,0], ["ප්ඬ", 0.9,0], ["ප්ත", 0.9,0], ["ප්ථ", 0.9,0], ["ප්ද", 0.9,0], ["ප්ධ", 0.9,0], ["ප්න", 0.9,0], ["ප්ඳ", 0.9,0], ["ප්ප", 0.9,0], ["ප්ඵ", 0.9,0], ["ප්බ", 0.9,0], ["ප්භ", 0.9,0], ["ප්ම", 0.9,0], ["ප්ඹ", 0.9,0], ["ප්‍ය", 0.9,0], ["ප්‍ර", 0.9,0], ["ප්ල", 0.9,0], ["ප්ව", 0.9,0], ["ප්ශ", 0.9,0], ["ප්ෂ", 0.9,0], ["ප්ස", 0.9,0], ["ප්හ", 0.9,0], ["ප්ළ", 0.9,0], ["ප්ෆ", 0.9,0]],

"ඵ": [["ඵ්ක", 0.9,0], ["ඵ්", 0.9,0], ["ඵ්ඛ", 0.9,0], ["ඵ්ග", 0.9,0], ["ඵ්ඝ", 0.9,0], ["ඵ්ඞ", 0.9,0], ["ඵ්ඟ", 0.9,0], ["ඵ්ච", 0.9,0], ["ඵ්ඡ", 0.9,0], ["ඵ්ජ", 0.9,0], ["ඵ්ඣ", 0.9,0], ["ඵ්ඤ", 0.9,0], ["ඵ්ඥ", 0.9,0], ["ඵ්ඦ", 0.9,0], ["ඵ්ට", 0.9,0], ["ඵ්ඨ", 0.9,0], ["ඵ්ඩ", 0.9,0], ["ඵ්ඪ", 0.9,0], ["ඵ්ණ", 0.9,0], ["ඵ්ඬ", 0.9,0], ["ඵ්ත", 0.9,0], ["ඵ්ථ", 0.9,0], ["ඵ්ද", 0.9,0], ["ඵ්ධ", 0.9,0], ["ඵ්න", 0.9,0], ["ඵ්ඳ", 0.9,0], ["ඵ්ප", 0.9,0], ["ඵ්ඵ", 0.9,0], ["ඵ්බ", 0.9,0], ["ඵ්භ", 0.9,0], ["ඵ්ම", 0.9,0], ["ඵ්ඹ", 0.9,0], ["ඵ්‍ය", 0.9,0], ["ඵ්‍ර", 0.9,0], ["ඵ්ල", 0.9,0], ["ඵ්ව", 0.9,0], ["ඵ්ශ", 0.9,0], ["ඵ්ෂ", 0.9,0], ["ඵ්ස", 0.9,0], ["ඵ්හ", 0.9,0], ["ඵ්ළ", 0.9,0], ["ඵ්ෆ", 0.9,0]],

"බ": [["බ්ක", 0.9,0], ["බ්ඛ", 0.9,0], ["බ්ග", 0.9,0], ["බ්ඝ", 0.9,0], ["බ්ඞ", 0.9,0], ["බ්ඟ", 0.9,0], ["බ්ච", 0.9,0], ["බ්ඡ", 0.9,0], ["බ්ජ", 0.9,0], ["බ්ඣ", 0.9,0], ["බ්ඤ", 0.9,0], ["බ්ඥ", 0.9,0], ["බ්ඦ", 0.9,0], ["බ්ට", 0.9,0], ["බ්ඨ", 0.9,0], ["බ්ඩ", 0.9,0], ["බ්ඪ", 0.9,0], ["බ්ණ", 0.9,0], ["බ්ඬ", 0.9,0], ["බ්ත", 0.9,0], ["බ්ථ", 0.9,0], ["බ්ද", 0.9,0], ["බ්ධ", 0.9,0], ["බ්න", 0.9,0], ["බ්ඳ", 0.9,0], ["බ්ප", 0.9,0], ["බ්ඵ", 0.9,0], ["බ්බ", 0.9,0], ["බ්භ", 0.9,0], ["බ්ම", 0.9,0], ["බ්ඹ", 0.9,0], ["බ්‍ය", 0.9,0], ["බ්‍ර", 0.9,0], ["බ්ල", 0.9,0], ["බ්ව", 0.9,0], ["බ්ශ", 0.9,0], ["බ්ෂ", 0.9,0], ["බ්ස", 0.9,0], ["බ්හ", 0.9,0], ["බ්ළ", 0.9,0], ["බ්ෆ", 0.9,0]],

"භ": [["භ්ක", 0.9,0],["භ", 0.9,0], ["භ්", 0.9,0], ["භ්ඛ", 0.9,0], ["භ්ග", 0.9,0], ["භ්ඝ", 0.9,0], ["භ්ඞ", 0.9,0], ["භ්ඟ", 0.9,0], ["භ්ච", 0.9,0], ["භ්ඡ", 0.9,0], ["භ්ජ", 0.9,0], ["භ්ඣ", 0.9,0], ["භ්ඤ", 0.9,0], ["භ්ඥ", 0.9,0], ["භ්ඦ", 0.9,0], ["භ්ට", 0.9,0], ["භ්ඨ", 0.9,0], ["භ්ඩ", 0.9,0], ["භ්ඪ", 0.9,0], ["භ්ණ", 0.9,0], ["භ්ඬ", 0.9,0], ["භ්ත", 0.9,0], ["භ්ථ", 0.9,0], ["භ්ද", 0.9,0], ["භ්ධ", 0.9,0], ["භ්න", 0.9,0], ["භ්ඳ", 0.9,0], ["භ්ප", 0.9,0], ["භ්ඵ", 0.9,0], ["භ්බ", 0.9,0], ["භ්භ", 0.9,0], ["භ්ම", 0.9,0], ["භ්ඹ", 0.9,0], ["භ්‍ය", 0.9,0], ["භ්‍ර", 0.9,0], ["භ්ල", 0.9,0], ["භ්ව", 0.9,0], ["භ්ශ", 0.9,0], ["භ්ෂ", 0.9,0], ["භ්ස", 0.9,0], ["භ්හ", 0.9,0], ["භ්ළ", 0.9,0], ["භ්ෆ", 0.9,0]],

"භන": [["හි", 1.0]], 

"ම": [["ම්‍ක", 0.9,0], ["ම්‍ඛ", 0.9,0], ["ම්‍ග", 0.9,0], ["ම්‍ඝ", 0.9,0], ["ම්‍ඞ", 0.9,0], ["ම්‍ඟ", 0.9,0], ["ම්‍ච", 0.9,0], ["ම්‍ඡ", 0.9,0], ["ම්‍ජ", 0.9,0], ["ම්‍ඣ", 0.9,0], ["ම්‍ඤ", 0.9,0], ["ම්‍ඥ", 0.9,0], ["ම්‍ඦ", 0.9,0], ["ම්‍ට", 0.9,0], ["ම්‍ඨ", 0.9,0], ["ම්‍ඩ", 0.9,0], ["ම්‍ඪ", 0.9,0], ["ම්‍ණ", 0.9,0], ["ම්‍ඬ", 0.9,0], ["ම්‍ත", 0.9,0], ["ම්‍ථ", 0.9,0], ["ම්‍ද", 0.9,0], ["ම්‍ධ", 0.9,0], ["ම්‍න", 0.9,0], ["ම්‍ඳ", 0.9,0], ["ම්‍ප", 0.9,0], ["ම්‍ඵ", 0.9,0], ["ම්‍බ", 0.9,0], ["ම්‍භ", 0.9,0], ["ම්‍ම", 0.9,0], ["ම්‍ඹ", 0.9,0], ["ම්‍ය", 0.9,0], ["ම්‍ර", 0.9,0], ["ම්‍ල", 0.9,0], ["ම්‍ව", 0.9,0], ["ම්‍ශ", 0.9,0], ["ම්‍ෂ", 0.9,0], ["ම්‍ස", 0.9,0], ["ම්‍හ", 0.9,0], ["ම්‍ළ", 0.9,0], ["ම්‍ෆ", 0.9,0]],


"ඹ": [["ඹ්ක", 0.9,0], ["ඹ්ඛ", 0.9,0], ["ඹ්ග", 0.9,0], ["ඹ්ඝ", 0.9,0], ["ඹ්ඞ", 0.9,0], ["ඹ්ඟ", 0.9,0], ["ඹ්ච", 0.9,0], ["ඹ්ඡ", 0.9,0], ["ඹ්ජ", 0.9,0], ["ඹ්ඣ", 0.9,0], ["ඹ්ඤ", 0.9,0], ["ඹ්ඥ", 0.9,0], ["ඹ්ඦ", 0.9,0], ["ඹ්ට", 0.9,0], ["ඹ්ඨ", 0.9,0], ["ඹ්ඩ", 0.9,0], ["ඹ්ඪ", 0.9,0], ["ඹ්ණ", 0.9,0], ["ඹ්ඬ", 0.9,0], ["ඹ්ත", 0.9,0], ["ඹ්ථ", 0.9,0], ["ඹ්ද", 0.9,0], ["ඹ්ධ", 0.9,0], ["ඹ්න", 0.9,0], ["ඹ්ඳ", 0.9,0], ["ඹ්ප", 0.9,0], ["ඹ්ඵ", 0.9,0], ["ඹ්බ", 0.9,0], ["ඹ්භ", 0.9,0], ["ඹ්ම", 0.9,0], ["ඹ්ඹ", 0.9,0], ["ඹ්‍ය", 0.9,0], ["ඹ්‍ර", 0.9,0], ["ඹ්ල", 0.9,0], ["ඹ්ව", 0.9,0], ["ඹ්ශ", 0.9,0], ["ඹ්ෂ", 0.9,0], ["ඹ්ස", 0.9,0], ["ඹ්හ", 0.9,0], ["ඹ්ළ", 0.9,0], ["ඹ්ෆ", 0.9,0]],

"ය": [["ය්‍ක", 0.9,0], ["ය්‍", 0.9,0], ["ය්‍ඛ", 0.9,0], ["ය්‍ග", 0.9,0], ["ය්‍ඝ", 0.9,0], ["ය්‍ඞ", 0.9,0], ["ය්‍ඟ", 0.9,0], ["ය්‍ච", 0.9,0], ["ය්‍ඡ", 0.9,0], ["ය්‍ජ", 0.9,0], ["ය්‍ඣ", 0.9,0], ["ය්‍ඤ", 0.9,0], ["ය්‍ඥ", 0.9,0], ["ය්‍ඦ", 0.9,0], ["ය්‍ට", 0.9,0], ["ය්‍ඨ", 0.9,0], ["ය්‍ඩ", 0.9,0], ["ය්‍ඪ", 0.9,0], ["ය්‍ණ", 0.9,0], ["ය්‍ඬ", 0.9,0], ["ය්‍ත", 0.9,0], ["ය්‍ථ", 0.9,0], ["ය්‍ද", 0.9,0], ["ය්‍ධ", 0.9,0], ["ය්‍න", 0.9,0], ["ය්‍ඳ", 0.9,0], ["ය්‍ප", 0.9,0], ["ය්‍ඵ", 0.9,0], ["ය්‍බ", 0.9,0], ["ය්‍භ", 0.9,0], ["ය්‍ම", 0.9,0], ["ය්‍ඹ", 0.9,0], ["ය්‍ය", 0.9,0], ["ය්‍ර", 0.9,0], ["ය්‍ල", 0.9,0], ["ය්‍ව", 0.9,0], ["ය්‍ශ", 0.9,0], ["ය්‍ෂ", 0.9,0], ["ය්‍ස", 0.9,0], ["ය්‍හ", 0.9,0], ["ය්‍ළ", 0.9,0], ["ය්‍ෆ", 0.9,0]],

"ර": [["ර්‍ක", 0.9,0], ["ර්‍ඛ", 0.9,0], ["ර්‍ග", 0.9,0], ["ර්‍ඝ", 0.9,0], ["ර්‍ඞ", 0.9,0], ["ර්‍ඟ", 0.9,0], ["ර්‍ච", 0.9,0], ["ර්‍ඡ", 0.9,0], ["ර්‍ජ", 0.9,0], ["ර්‍ඣ", 0.9,0], ["ර්‍ඤ", 0.9,0], ["ර්‍ඥ", 0.9,0], ["ර්‍ඦ", 0.9,0], ["ර්‍ට", 0.9,0], ["ර්‍ඨ", 0.9,0], ["ර්‍ඩ", 0.9,0], ["ර්‍ඪ", 0.9,0], ["ර්‍ණ", 0.9,0], ["ර්‍ඬ", 0.9,0], ["ර්‍ත", 0.9,0], ["ර්‍ථ", 0.9,0], ["ර්‍ද", 0.9,0], ["ර්‍ධ", 0.9,0], ["ර්‍න", 0.9,0], ["ර්‍ඳ", 0.9,0], ["ර්‍ප", 0.9,0], ["ර්‍ඵ", 0.9,0], ["ර්‍බ", 0.9,0], ["ර්‍භ", 0.9,0], ["ර්‍ම", 0.9,0], ["ර්‍ඹ", 0.9,0], ["ර්‍ය", 0.9,0], ["ර්‍ර", 0.9,0], ["ර්‍ල", 0.9,0], ["ර්‍ව", 0.9,0], ["ර්‍ශ", 0.9,0], ["ර්‍ෂ", 0.9,0], ["ර්‍ස", 0.9,0], ["ර්‍හ", 0.9,0], ["ර්‍ළ", 0.9,0], ["ර්‍ෆ", 0.9,0]],

"ල": [["ල්ක", 0.9,0], ["ල්", 0.9,0], ["ල්ඛ", 0.9,0], ["ල්ග", 0.9,0], ["ල්ඝ", 0.9,0], ["ල්ඞ", 0.9,0], ["ල්ඟ", 0.9,0], ["ල්ච", 0.9,0], ["ල්ඡ", 0.9,0], ["ල්ජ", 0.9,0], ["ල්ඣ", 0.9,0], ["ල්ඤ", 0.9,0], ["ල්ඥ", 0.9,0], ["ල්ඦ", 0.9,0], ["ල්ට", 0.9,0], ["ල්ඨ", 0.9,0], ["ල්ඩ", 0.9,0], ["ල්ඪ", 0.9,0], ["ල්ණ", 0.9,0], ["ල්ඬ", 0.9,0], ["ල්ත", 0.9,0], ["ල්ථ", 0.9,0], ["ල්ද", 0.9,0], ["ල්ධ", 0.9,0], ["ල්න", 0.9,0], ["ල්ඳ", 0.9,0], ["ල්ප", 0.9,0], ["ල්ඵ", 0.9,0], ["ල්බ", 0.9,0], ["ල්භ", 0.9,0], ["ල්ම", 0.9,0], ["ල්ඹ", 0.9,0], ["ල්‍ය", 0.9,0], ["ල්‍ර", 0.9,0], ["ල්ල", 0.9,0], ["ල්ව", 0.9,0], ["ල්ශ", 0.9,0], ["ල්ෂ", 0.9,0], ["ල්ස", 0.9,0], ["ල්හ", 0.9,0], ["ල්ළ", 0.9,0], ["ල්ෆ", 0.9,0]],

"ව": [["ව්ක", 0.9,0], ["ව්ඛ", 0.9,0], ["ව්ග", 0.9,0], ["ව්ඝ", 0.9,0], ["ව්ඞ", 0.9,0], ["ව්ඟ", 0.9,0], ["ව්ච", 0.9,0], ["ව්ඡ", 0.9,0], ["ව්ජ", 0.9,0], ["ව්ඣ", 0.9,0], ["ව්ඤ", 0.9,0], ["ව්ඥ", 0.9,0], ["ව්ඦ", 0.9,0], ["ව්ට", 0.9,0], ["ව්ඨ", 0.9,0], ["ව්ඩ", 0.9,0], ["ව්ඪ", 0.9,0], ["ව්ණ", 0.9,0], ["ව්ඬ", 0.9,0], ["ව්ත", 0.9,0], ["ව්ථ", 0.9,0], ["ව්ද", 0.9,0], ["ව්ධ", 0.9,0], ["ව්න", 0.9,0], ["ව්ඳ", 0.9,0], ["ව්ප", 0.9,0], ["ව්ඵ", 0.9,0], ["ව්බ", 0.9,0], ["ව්භ", 0.9,0], ["ව්ම", 0.9,0], ["ව්ඹ", 0.9,0], ["ව්‍ය", 0.9,0], ["ව්‍ර", 0.9,0], ["ව්ල", 0.9,0], ["ව්ව", 0.9,0], ["ව්ශ", 0.9,0], ["ව්ෂ", 0.9,0], ["ව්ස", 0.9,0], ["ව්හ", 0.9,0], ["ව්ළ", 0.9,0], ["ව්ෆ", 0.9,0]],

"ශ": [["ශ්ක", 0.9,0], ["ශ්", 0.9,0], ["ශ්ඛ", 0.9,0], ["ශ්ග", 0.9,0], ["ශ්ඝ", 0.9,0], ["ශ්ඞ", 0.9,0], ["ශ්ඟ", 0.9,0], ["ශ්ච", 0.9,0], ["ශ්ඡ", 0.9,0], ["ශ්ජ", 0.9,0], ["ශ්ඣ", 0.9,0], ["ශ්ඤ", 0.9,0], ["ශ්ඥ", 0.9,0], ["ශ්ඦ", 0.9,0], ["ශ්ට", 0.9,0], ["ශ්ඨ", 0.9,0], ["ශ්ඩ", 0.9,0], ["ශ්ඪ", 0.9,0], ["ශ්ණ", 0.9,0], ["ශ්ඬ", 0.9,0], ["ශ්ත", 0.9,0], ["ශ්ථ", 0.9,0], ["ශ්ද", 0.9,0], ["ශ්ධ", 0.9,0], ["ශ්න", 0.9,0], ["ශ්ඳ", 0.9,0], ["ශ්ප", 0.9,0], ["ශ්ඵ", 0.9,0], ["ශ්බ", 0.9,0], ["ශ්භ", 0.9,0], ["ශ්ම", 0.9,0], ["ශ්ඹ", 0.9,0], ["ශ්‍ය", 0.9,0], ["ශ්‍ර", 0.9,0], ["ශ්ල", 0.9,0], ["ශ්ව", 0.9,0], ["ශ්ශ", 0.9,0], ["ශ්ෂ", 0.9,0], ["ශ්ස", 0.9,0], ["ශ්හ", 0.9,0], ["ශ්ළ", 0.9,0], ["ශ්ෆ", 0.9,0]],

"ෂ": [["ෂ්ක", 0.9,0], ["ෂ්", 0.9,0],  ["ෂ්ඛ", 0.9,0], ["ෂ්ග", 0.9,0], ["ෂ්ඝ", 0.9,0], ["ෂ්ඞ", 0.9,0], ["ෂ්ඟ", 0.9,0], ["ෂ්ච", 0.9,0], ["ෂ්ඡ", 0.9,0], ["ෂ්ජ", 0.9,0], ["ෂ්ඣ", 0.9,0], ["ෂ්ඤ", 0.9,0], ["ෂ්ඥ", 0.9,0], ["ෂ්ඦ", 0.9,0], ["ෂ්ට", 0.9,0], ["ෂ්ඨ", 0.9,0], ["ෂ්ඩ", 0.9,0], ["ෂ්ඪ", 0.9,0], ["ෂ්ණ", 0.9,0], ["ෂ්ඬ", 0.9,0], ["ෂ්ත", 0.9,0], ["ෂ්ථ", 0.9,0], ["ෂ්ද", 0.9,0], ["ෂ්ධ", 0.9,0], ["ෂ්න", 0.9,0], ["ෂ්ඳ", 0.9,0], ["ෂ්ප", 0.9,0], ["ෂ්ඵ", 0.9,0], ["ෂ්බ", 0.9,0], ["ෂ්භ", 0.9,0], ["ෂ්ම", 0.9,0], ["ෂ්ඹ", 0.9,0], ["ෂ්‍ය", 0.9,0], ["ෂ්‍ර", 0.9,0], ["ෂ්ල", 0.9,0], ["ෂ්ව", 0.9,0], ["ෂ්ශ", 0.9,0], ["ෂ්ෂ", 0.9,0], ["ෂ්ස", 0.9,0], ["ෂ්හ", 0.9,0], ["ෂ්ළ", 0.9,0], ["ෂ්ෆ", 0.9,0]],

"ස": [["ස්ක", 0.9,0], ["ස්", 0.9,0], ["ස්ඛ", 0.9,0], ["ස්ග", 0.9,0], ["ස්ඝ", 0.9,0], ["ස්ඞ", 0.9,0], ["ස්ඟ", 0.9,0], ["ස්ච", 0.9,0], ["ස්ඡ", 0.9,0], ["ස්ජ", 0.9,0], ["ස්ඣ", 0.9,0], ["ස්ඤ", 0.9,0], ["ස්ඥ", 0.9,0], ["ස්ඦ", 0.9,0], ["ස්ට", 0.9,0], ["ස්ඨ", 0.9,0], ["ස්ඩ", 0.9,0], ["ස්ඪ", 0.9,0], ["ස්ණ", 0.9,0], ["ස්ඬ", 0.9,0], ["ස්ත", 0.9,0], ["ස්ථ", 0.9,0], ["ස්ද", 0.9,0], ["ස්ධ", 0.9,0], ["ස්න", 0.9,0], ["ස්ඳ", 0.9,0], ["ස්ප", 0.9,0], ["ස්ඵ", 0.9,0], ["ස්බ", 0.9,0], ["ස්භ", 0.9,0], ["ස්ම", 0.9,0], ["ස්ඹ", 0.9,0], ["ස්‍ය", 0.9,0], ["ස්‍ර", 0.9,0], ["ස්ල", 0.9,0], ["ස්ව", 0.9,0], ["ස්ශ", 0.9,0], ["ස්ෂ", 0.9,0], ["ස්ස", 0.9,0], ["ස්හ", 0.9,0], ["ස්ළ", 0.9,0], ["ස්ෆ", 0.9,0]],

"හ": [["හ්ක", 0.9,0], ["හ්", 0.9,0], ["හ්ඛ", 0.9,0], ["හ්ග", 0.9,0], ["හ්ඝ", 0.9,0], ["හ්ඞ", 0.9,0], ["හ්ඟ", 0.9,0], ["හ්ච", 0.9,0], ["හ්ඡ", 0.9,0], ["හ්ජ", 0.9,0], ["හ්ඣ", 0.9,0], ["හ්ඤ", 0.9,0], ["හ්ඥ", 0.9,0], ["හ්ඦ", 0.9,0], ["හ්ට", 0.9,0], ["හ්ඨ", 0.9,0], ["හ්ඩ", 0.9,0], ["හ්ඪ", 0.9,0], ["හ්ණ", 0.9,0], ["හ්ඬ", 0.9,0], ["හ්ත", 0.9,0], ["හ්ථ", 0.9,0], ["හ්ද", 0.9,0], ["හ්ධ", 0.9,0], ["හ්න", 0.9,0], ["හ්ඳ", 0.9,0], ["හ්ප", 0.9,0], ["හ්ඵ", 0.9,0], ["හ්බ", 0.9,0], ["හ්භ", 0.9,0], ["හ්ම", 0.9,0], ["හ්ඹ", 0.9,0], ["හ්‍ය", 0.9,0], ["හ්‍ර", 0.9,0], ["හ්ල", 0.9,0], ["හ්ව", 0.9,0], ["හ්ශ", 0.9,0], ["හ්ෂ", 0.9,0], ["හ්ස", 0.9,0], ["හ්හ", 0.9,0], ["හ්ළ", 0.9,0], ["හ්ෆ", 0.9,0]],

"ළ": [["ළ්ක", 0.9,0], ["ළ්", 0.9,0], ["ළ්ඛ", 0.9,0], ["ළ්ග", 0.9,0], ["ළ්ඝ", 0.9,0], ["ළ්ඞ", 0.9,0], ["ළ්ඟ", 0.9,0], ["ළ්ච", 0.9,0], ["ළ්ඡ", 0.9,0], ["ළ්ජ", 0.9,0], ["ළ්ඣ", 0.9,0], ["ළ්ඤ", 0.9,0], ["ළ්ඥ", 0.9,0], ["ළ්ඦ", 0.9,0], ["ළ්ට", 0.9,0], ["ළ්ඨ", 0.9,0], ["ළ්ඩ", 0.9,0], ["ළ්ඪ", 0.9,0], ["ළ්ණ", 0.9,0], ["ළ්ඬ", 0.9,0], ["ළ්ත", 0.9,0], ["ළ්ථ", 0.9,0], ["ළ්ද", 0.9,0], ["ළ්ධ", 0.9,0], ["ළ්න", 0.9,0], ["ළ්ඳ", 0.9,0], ["ළ්ප", 0.9,0], ["ළ්ඵ", 0.9,0], ["ළ්බ", 0.9,0], ["ළ්භ", 0.9,0], ["ළ්ම", 0.9,0], ["ළ්ඹ", 0.9,0], ["ළ්‍ය", 0.9,0], ["ළ්‍ර", 0.9,0], ["ළ්ල", 0.9,0], ["ළ්ව", 0.9,0], ["ළ්ශ", 0.9,0], ["ළ්ෂ", 0.9,0], ["ළ්ස", 0.9,0], ["ළ්හ", 0.9,0], ["ළ්ළ", 0.9,0], ["ළ්ෆ", 0.9,0]],

"ෆ": [["ෆ්ක", 0.9,0], ["ෆ්", 0.9,0], ["ෆ්ඛ", 0.9,0], ["ෆ්ග", 0.9,0], ["ෆ්ඝ", 0.9,0], ["ෆ්ඞ", 0.9,0], ["ෆ්ඟ", 0.9,0], ["ෆ්ච", 0.9,0], ["ෆ්ඡ", 0.9,0], ["ෆ්ජ", 0.9,0], ["ෆ්ඣ", 0.9,0], ["ෆ්ඤ", 0.9,0], ["ෆ්ඥ", 0.9,0], ["ෆ්ඦ", 0.9,0], ["ෆ්ට", 0.9,0], ["ෆ්ඨ", 0.9,0], ["ෆ්ඩ", 0.9,0], ["ෆ්ඪ", 0.9,0], ["ෆ්ණ", 0.9,0], ["ෆ්ඬ", 0.9,0], ["ෆ්ත", 0.9,0], ["ෆ්ථ", 0.9,0], ["ෆ්ද", 0.9,0], ["ෆ්ධ", 0.9,0], ["ෆ්න", 0.9,0], ["ෆ්ඳ", 0.9,0], ["ෆ්ප", 0.9,0], ["ෆ්ඵ", 0.9,0], ["ෆ්බ", 0.9,0], ["ෆ්භ", 0.9,0], ["ෆ්ම", 0.9,0], ["ෆ්ඹ", 0.9,0], ["ෆ්‍ය", 0.9,0], ["ෆ්‍ර", 0.9,0], ["ෆ්ල", 0.9,0], ["ෆ්ව", 0.9,0], ["ෆ්ශ", 0.9,0], ["ෆ්ෂ", 0.9,0], ["ෆ්ස", 0.9,0], ["ෆ්හ", 0.9,0], ["ෆ්ළ", 0.9,0], ["ෆ්ෆ", 0.9,0]],

"අ": [["ආ", 0.9,0], ["ඇ", 0.9,0]],

"අා": [["ආ", 1.0]], 
"අැ": [["ඇ", 1.0]],
"ඕ ්": [["ඕ", 1.0]]
},
"name":"Sinhala","variant":["si","LK"],"version":[0,3],"local_name":"සිංහල"}

