{"comment":"","charmap":{
"ୌ": [["ଔ", 0.010]],
"ୈ": [["ଐ", 0.010]],
"ା": [["ଆ", 0.010]],
"ୀ": [["ଈ", 0.010]],
"ୂ": [["ଊ", 0.010]],
"ବ": [["ଭ", 0.010]],
"ହ": [["ଙ", 0.010]],
"ଗ": [["ଘ", 0.010]],
"ଦ": [["ଧ", 0.010]],
"ଜ": [["ଝ", 0.010]],
"ଡ": [["ଢ", 0.010]],
"ୋ": [["ଓ", 0.010]],
"େ": [["ଏ", 0.010]],
"୍": [["ଅ", 0.010]],
"ି": [["ଇ", 0.010]],
"ୁ": [["ଉ", 0.010]],
"ପ": [["ଫ", 0.010]],
"ର": [["ଋ", 0.010]],
"କ": [["ଖ", 0.010]],
"ତ": [["ଥ", 0.010]],
"ଚ": [["ଛ", 0.010]],
"ଟ": [["ଠ", 0.010]],
"ଂ": [["ଁ", 0.010]],
"ମ": [["ଣ", 0.010]],
"ୱ": [["ଵ", 0.010]],
"ଲ": [["ଳ", 0.010]],
"ସ": [["ଶ", 0.010]],
"ଷ": [["ନ", 0.010]]
},"name":"Oriya","variant":["or","IN"],"version":[0,3],"local_name":"ଓଡ଼ିଆ"}