{"comment":"","charmap":
{
"е": [["ё",1.0],["-е",1.0,0]],
"Е": [["Ё",1.0],["-Е",1.0,0]],
"н": [["ң",1.0],["-н",1.0,0]],
"Н": [["Ң",1.0],["-Н",1.0,0]],
"у": [["ү",1.0],["-у",1.0,0]],
"У": [["Ү",1.0],["-У",1.0,0]],
"о": [["ө",1.0],["-о",1.0,0]],
"О": [["Ө",1.0],["-О",1.0,0]],
"ь": [["ъ",1.0],["-ь",1.0,0]],
"Ь": [["Ъ",1.0],["-Ь",1.0,0]],
"й": [["-й",1.0,0]],
"Й": [["-Й",1.0,0]],
"ц": [["-ц",1.0,0]],
"Ц": [["-Ц",1.0,0]],
"к": [["-к",1.0,0]],
"К": [["-К",1.0,0]],
"г": [["-г",1.0,0]],
"Г": [["-Г",1.0,0]],
"ш": [["-ш",1.0,0]],
"Ш": [["-Ш",1.0,0]],
"щ": [["-щ",1.0,0]],
"Щ": [["-Щ",1.0,0]],
"з": [["-з",1.0,0]],
"З": [["-З",1.0,0]],
"х": [["-х",1.0,0]],
"Х": [["-Х",1.0,0]],
"ф": [["-ф",1.0,0]],
"Ф": [["-Ф",1.0,0]],
"ы": [["-ы",1.0,0]],
"Ы": [["-Ы",1.0,0]],
"в": [["-в",1.0,0]],
"В": [["-В",1.0,0]],
"а": [["-а",1.0,0]],
"А": [["-А",1.0,0]],
"п": [["-п",1.0,0]],
"П": [["-П",1.0,0]],
"р": [["-р",1.0,0]],
"Р": [["-Р",1.0,0]],
"л": [["-л",1.0,0]],
"Л": [["-Л",1.0,0]],
"д": [["-д",1.0,0]],
"Д": [["-Д",1.0,0]],
"ж": [["-ж",1.0,0]],
"Ж": [["-Ж",1.0,0]],
"э": [["-э",1.0,0]],
"Э": [["-Э",1.0,0]],
"я": [["-я",1.0,0]],
"Я": [["-Я",1.0,0]],
"ч": [["-ч",1.0,0]],
"Ч": [["-Ч",1.0,0]],
"с": [["-с",1.0,0]],
"С": [["-С",1.0,0]],
"м": [["-м",1.0,0]],
"М": [["-М",1.0,0]],
"и": [["-и",1.0,0]],
"И": [["-И",1.0,0]],
"т": [["-т",1.0,0]],
"Т": [["-Т",1.0,0]],
"б": [["-б",1.0,0]],
"Б": [["-Б",1.0,0]],
"ю": [["-ю",1.0,0]],
"Ю": [["-Ю",1.0,0]]
},
"name":"Kyrgyz (Kyrgyzstan","variant":["ky","KG"],"version":[0,3],"local_name":"Кыргызча"}
