{
    "version": 2,
    "lang" : "ja_JP",
    "dependency" : "default",
    "defaultSpace" : "",
    "encodingSeparator" : " ",
    "sections" : [
        {
            "charRules": [
                {
                    "CharRule": {
                        "id": [
                            "。"
                        ],
                        "actions": [
                            "BACKSPACE",
                            "INS_FOCUS"
                        ]
                    }
                }
            ]
        }
    ]
}