{
    "charmap": {
        "ក": [["៑ក", 1.0, 0]],
        "ខ": [["៑ខ", 1.0, 0]],
        "គ": [["៑គ", 1.0, 0]],
        "ឃ": [["៑ឃ", 1.0, 0]],
        "ង": [["៑ង", 1.0, 0]],
        "ច": [["៑ច", 1.0, 0]],
        "ឆ": [["៑ឆ", 1.0, 0]],
        "ជ": [["៑ជ", 1.0, 0]],
        "ឈ": [["៑ឈ", 1.0, 0]],
        "ញ": [["៑ញ", 1.0, 0]],
        "ដ": [["៑ដ", 1.0, 0]],
        "ឋ": [["៑ឋ", 1.0, 0]],
        "ឌ": [["៑ឌ", 1.0, 0]],
        "ឍ": [["៑ឍ", 1.0, 0]],
        "ណ": [["៑ណ", 1.0, 0]],
        "ត": [["៑ត", 1.0, 0]],
        "ថ": [["៑ថ", 1.0, 0]],
        "ទ": [["៑ទ", 1.0, 0]],
        "ធ": [["៑ធ", 1.0, 0]],
        "ន": [["៑ន", 1.0, 0]],
        "ប": [["៑ប", 1.0, 0]],
        "ផ": [["៑ផ", 1.0, 0]],
        "ព": [["៑ព", 1.0, 0]],
        "ភ": [["៑ភ", 1.0, 0]],
        "ម": [["៑ម", 1.0, 0]],
        "យ": [["៑យ", 1.0, 0]],
        "រ": [["៑រ", 1.0, 0]],
        "ល": [["៑ល", 1.0, 0]],
        "វ": [["៑វ", 1.0, 0]],
        "ឝ": [["៑ឝ", 1.0, 0]],
        "ឞ": [["៑ឞ", 1.0, 0]],
        "ស": [["៑ស", 1.0, 0]],
        "ហ": [["៑ហ", 1.0, 0]],
        "ឡ": [["៑ឡ", 1.0, 0]],
        "អ": [["៑អ", 1.0, 0]]
    },
        "name": "Khmer",
        "local_name": "ភាសាខ្មែរ",
        "variant": [
                "km",
                "KH"
        ]
}
