{"comment":"","charmap":{
"ৌ": [["ঔ", 0.010]], 
"ৈ": [["ঐ", 0.010]],
"া": [["আ", 0.010]],
"ী": [["ঈ", 0.010]],
"ূ": [["ঊ", 0.010]],
"ব": [["ভ", 0.010]],
"হ": [["ঙ", 0.010]],
"গ": [["ঘ", 0.010]],
"দ": [["ধ", 0.010]],
"জ": [["ঝ", 0.010]],
"ড": [["ঢ", 0.010]],
"়": [["ঞ", 0.010]],
"ো": [["ও", 0.010]],
"ে": [["এ", 0.010]],
"্": [["অ", 0.010]],
"ি": [["ই", 0.010]],
"ু": [["উ", 0.010]],
"প": [["ফ", 0.010]],
"ক": [["খ", 0.010]],
"ত": [["থ", 0.010]],
"চ": [["ছ", 0.010]],
"ট": [["ঠ", 0.010]],
"ং": [["ঁ", 0.010]],
"ম": [["ণ", 0.010]],
"স": [["श", 0.010]],
"ष": [["শ", 0.010]],
"য়": [["য", 0.010]]
},"name":"Assamese","variant":["as","IN"],"version":[0,3],"local_name":"অসমীয়া"}